device,language,algorithm,size,mean,std,min,max
M1,javascript,heap_sort,1000,1.90084377617836,0.2184932042504954,1.5808651642799376,2.3298560485839843
M1,javascript,heap_sort,10000,2.137047289943695,0.20549513142056894,1.8464491996765136,2.3924617252349853
M1,javascript,heap_sort,20000,2.2034522715568543,0.2864532403820577,1.861064329147339,2.6928501892089844
M1,javascript,heap_sort,50000,2.216169545030594,0.37247457005635715,1.6711458926200866,2.6141174297332763
M1,javascript,heap_sort,100000,1.9353684455871583,0.19812086535317372,1.7893001728057862,2.4466061353683473
M1,javascript,heap_sort,125000,2.268110717868805,0.23432243743744127,1.9000787324905395,2.582804509162903
M1,javascript,heap_sort,250000,2.043034924221039,0.21887133559814861,1.7647853536605835,2.345204504013061
M1,javascript,heap_sort,1000000,3.772658915233612,0.28693073067592295,3.1366701822280882,4.148272178649902
M1,javascript,heap_sort,4000000,14.388784369945526,1.399718229528749,12.232397922515869,17.024664782524113
M1,javascript,merge_sort,1000,2.9575959664344786,0.25001964678649585,2.680679313659667,3.302083917617798
M1,javascript,merge_sort,10000,2.348579680156708,0.2438066493238515,2.115750449180603,2.8565581321716307
M1,javascript,merge_sort,20000,2.3167459936141968,0.10144916811433728,2.231918746948242,2.5119848060607906
M1,javascript,merge_sort,50000,2.122945027208328,0.5140288741924889,1.6350646691322326,3.4737500953674316
M1,javascript,merge_sort,100000,2.287951254272461,0.13876249106507363,2.1748263549804685,2.5036193275451657
M1,javascript,merge_sort,125000,2.348841442966461,0.1891178557344917,2.1833018798828125,2.7441143236160275
M1,javascript,merge_sort,250000,2.382834991550445,0.22041642305829762,2.1736569404602046,2.891036794662475
M1,javascript,merge_sort,1000000,4.860030690670014,0.43020034767583465,4.406805676460266,5.705088386535643
M1,javascript,merge_sort,4000000,14.900787645053862,1.9306988299900618,12.627109426498413,19.956463292121885
M1,javascript,quick_sort,1000,1.9626278277397156,0.20280042798531026,1.7825576877593994,2.455422109603882
M1,javascript,quick_sort,10000,2.087567661380768,0.42672804825628974,1.776932258605957,3.171779941558838
M1,javascript,quick_sort,20000,2.1320475221157076,0.5138408800853222,1.5786642541885376,3.278102084159851
M1,javascript,quick_sort,50000,1.9162026099681853,0.18524483614027326,1.7402388858795166,2.2430143432617182
M1,javascript,quick_sort,100000,2.016565818691254,0.24233613748499758,1.821013719558716,2.6430644121170044
M1,javascript,quick_sort,125000,1.9406400597572326,0.26945918025408155,1.6580566997528077,2.5808325767517095
M1,javascript,quick_sort,250000,2.878156548213959,1.2377406669172268,1.8326599225997924,5.483150865554809
M1,javascript,quick_sort,1000000,4.208467076158524,1.0813396265912478,3.209989309310913,6.551431344032289
M1,javascript,quick_sort,4000000,17.900731720113754,2.6690521821183326,16.20414389801025,25.270856627464294
M1,python,heap_sort,1000,4.160483167552949,0.9013447914426339,3.2845635080337527,6.084595255851745
M1,python,heap_sort,10000,4.286113805198669,0.5720580702658478,3.25972544670105,5.387114214897156
M1,python,heap_sort,20000,4.367748996639252,1.0041763194655395,3.4161519804000853,7.041978115081786
M1,python,heap_sort,50000,4.3852259609222415,0.9483081899135912,3.6333095073699946,6.541355531692505
M1,python,heap_sort,100000,5.582963061857223,0.5364054083459034,4.954946398258208,6.802244831085204
M1,python,heap_sort,125000,4.40708527173996,0.5564887143176318,3.6505564870834344,5.473637756347657
M1,python,heap_sort,250000,9.96539709763527,1.4538289822442516,7.752608260631561,12.366872562408446
M1,python,heap_sort,1000000,52.05088055257797,1.9709171250575959,49.926425926208495,56.7317678565979
M1,python,heap_sort,4000000,259.564536369276,11.051325213482436,249.7790907635689,280.2053193407058
M1,python,merge_sort,1000,3.6564075373649594,1.392073179130604,2.1581806201934817,5.748782684326171
M1,python,merge_sort,10000,4.52965675868988,0.495580172622492,4.045423183441162,5.606414148330688
M1,python,merge_sort,20000,4.664585759449006,0.38019749325306873,4.308230949401855,5.263041501045228
M1,python,merge_sort,50000,4.328474313831329,1.2005854434909895,3.27706546497345,6.711982360839843
M1,python,merge_sort,100000,5.789702352619171,0.9618500108775673,4.2787556419372565,6.828896547317505
M1,python,merge_sort,125000,4.484738882160187,0.20654533218557702,4.280512018203736,4.833411939620971
M1,python,merge_sort,250000,8.934316973781586,0.7356821865231463,8.332378909111021,10.91622758102417
M1,python,merge_sort,1000000,27.47433467674255,0.9417016219232865,26.172597280502316,28.867824813842773
M1,python,merge_sort,4000000,142.14141481504439,10.529188658122944,135.37166002655027,171.6727299461364
M1,python,quick_sort,1000,3.8816982460021974,0.6278819248104061,3.151775268554687,5.058484161376954
M1,python,quick_sort,10000,4.166477952003478,0.4912430491780683,3.5788129329681397,4.977503803253174
M1,python,quick_sort,20000,4.05406811208725,0.8332036206159728,2.9977113990783697,5.987203639030456
M1,python,quick_sort,50000,3.7006187349319455,0.4733117648499856,3.06452912902832,4.742862022399902
M1,python,quick_sort,100000,4.26084557685852,0.8083986297165073,3.6894482650756837,6.4682030630111695
M1,python,quick_sort,125000,3.618240641307831,0.1797210825695553,3.3878982200622563,3.9039998712539674
M1,python,quick_sort,250000,7.807953511285781,2.687229911143136,5.138818408966064,13.121729137420653
M1,python,quick_sort,1000000,19.24114359140396,1.4375706888139865,17.291196524620055,22.29362827587128
M1,python,quick_sort,4000000,102.96609665575026,3.332398968591083,98.89484388637541,109.74186703872681
M2,javascript,heap_sort,1000,1.984786148548126,0.19969962141235786,1.6940551271438598,2.3518424987792965
M2,javascript,heap_sort,10000,2.0359273241043088,0.2563832430299774,1.8217123880386352,2.4539988327026365
M2,javascript,heap_sort,20000,1.9193960549354554,0.13160519795162803,1.8144471445083616,2.2428349828720093
M2,javascript,heap_sort,50000,1.893419245147705,0.27185532418742725,1.7059001932144164,2.437869985580444
M2,javascript,heap_sort,100000,2.1602213983535767,0.5519040659651321,1.8218372554779054,3.5254843311309814
M2,javascript,heap_sort,125000,2.242428809928894,0.6761045901066955,1.6915416526794433,3.741436378479004
M2,javascript,heap_sort,250000,2.662878175258636,1.171838538866382,1.6874647407531738,4.976421621322632
M2,javascript,heap_sort,1000000,3.83115715713501,0.4703118168863361,3.320490752220154,4.758731389045716
M2,javascript,heap_sort,4000000,11.995665798759461,1.2970628388559564,10.741852488517761,14.446609709739686
M2,javascript,merge_sort,1000,1.9834948364257812,0.2524343489842356,1.7906863317489623,2.492220918655395
M2,javascript,merge_sort,10000,1.9633367314338686,0.2923052830601151,1.7874082660675048,2.7609523744583124
M2,javascript,merge_sort,20000,2.0395118450164795,0.3301319809734366,1.7810870914459227,2.8057178068161006
M2,javascript,merge_sort,50000,2.0497286458969115,0.4272890685553571,1.735812292098999,3.012943915367126
M2,javascript,merge_sort,100000,2.1969252429008486,0.5665129544213687,1.8398524932861327,3.6692807369232177
M2,javascript,merge_sort,125000,1.9630860940933228,0.2341169943380631,1.7693593883514405,2.4780212688446044
M2,javascript,merge_sort,250000,1.924411084842682,0.17715947892987938,1.7846772146224976,2.3217419738769536
M2,javascript,merge_sort,1000000,3.9188319852828983,1.0123540165371456,3.44544734954834,6.779198486328125
M2,javascript,merge_sort,4000000,11.152242400646209,0.8362307350034016,10.344810253143311,13.068506994247436
M2,javascript,quick_sort,1000,2.070676141452789,0.24294311602635715,1.8512572650909425,2.697172708511353
M2,javascript,quick_sort,10000,2.4058151926994324,0.6678292635255059,1.8421609210968017,3.7266797637939453
M2,javascript,quick_sort,20000,2.0831423495292665,0.2814273554720387,1.7301494121551513,2.780839270591736
M2,javascript,quick_sort,50000,2.286584638786316,0.7151601595223279,1.6834060268402098,3.58039134979248
M2,javascript,quick_sort,100000,2.1092873442649838,0.31395539162841646,1.7478553304672242,2.6650875778198237
M2,javascript,quick_sort,125000,2.085256409740448,0.29656472806606393,1.7283728685379027,2.621301708221436
M2,javascript,quick_sort,250000,2.135286417293549,0.23425735554741658,1.7819004487991332,2.528898247718811
M2,javascript,quick_sort,1000000,4.155421058177948,0.5592776220314654,3.3694220008850095,4.992142767906189
M2,javascript,quick_sort,4000000,17.068307703781127,1.549663498890869,14.426430181503296,19.092280512809754
M2,python,heap_sort,1000,1.980342259979248,0.2169092685515149,1.7015815715789795,2.3157437896728514
M2,python,heap_sort,10000,2.065201386642456,0.18583855084212952,1.853347618103027,2.446896514892578
M2,python,heap_sort,20000,1.9303483507156372,0.17712508501338303,1.8279322242736815,2.3925236396789553
M2,python,heap_sort,50000,2.0278032279014586,0.357367615294032,1.7154592819213865,2.8047502031326292
M2,python,heap_sort,100000,3.8467099780082696,0.32700512108923013,3.5895413141250607,4.447950317382812
M2,python,heap_sort,125000,2.0979198044776917,0.4350746869251727,1.676041370391846,2.986956805229187
M2,python,heap_sort,250000,10.194402323150634,1.3690162727138744,8.660244542121886,12.611612801551818
M2,python,heap_sort,1000000,68.14969041938781,5.737790775189425,61.45015182971954,79.83341967010497
M2,python,heap_sort,4000000,337.4511242917061,12.138225007408538,324.59234181785575,357.55045022678377
M2,python,merge_sort,1000,2.144853894138336,0.39644329990750066,1.7767640190124512,2.799161774635315
M2,python,merge_sort,10000,1.9611427200317384,0.24989703022823626,1.7952246665954588,2.5900875520706172
M2,python,merge_sort,20000,1.9472844422340394,0.2333629820379115,1.7589794006347657,2.3894084911346436
M2,python,merge_sort,50000,2.161793480205536,0.5249299810093165,1.7254889602661132,3.394951642990112
M2,python,merge_sort,100000,2.4547973465919495,0.8712306419784314,1.8727542705535887,4.115062543869018
M2,python,merge_sort,125000,1.9851239225387574,0.3053513183946386,1.779401351928711,2.591786175727844
M2,python,merge_sort,250000,5.681930374908447,0.6653528999536175,5.220431653022767,7.14942873764038
M2,python,merge_sort,1000000,20.50544871778488,2.006119645040263,18.864809640884395,25.272186834335333
M2,python,merge_sort,4000000,148.82001141834257,4.346940753936901,143.979550444603,157.29510774230954
M2,python,quick_sort,1000,2.166979664707184,0.34219108125039666,1.8854356594085693,3.0000408182144165
M2,python,quick_sort,10000,2.3907261320114137,0.6480617351864779,1.7899627532958982,3.436342004776001
M2,python,quick_sort,20000,1.9331003579139707,0.16936540762080302,1.699563808441162,2.356948247909546
M2,python,quick_sort,50000,2.318643445301056,0.7219134015802033,1.7016217880249023,4.145473949432373
M2,python,quick_sort,100000,1.9906677924156189,0.14730083777814248,1.8037080078125,2.3362677764892577
M2,python,quick_sort,125000,2.2747465008735657,0.245521663714535,1.9451289672851564,2.6269076747894284
M2,python,quick_sort,250000,4.157618989372253,0.6170957493926774,3.3238034849166866,5.405201888084411
M2,python,quick_sort,1000000,15.695930463981629,3.078933184567927,12.933294799804687,21.807758859634397
M2,python,quick_sort,4000000,91.68713677482604,6.355403623260769,83.94457665252686,101.78239635467527
